detection,date,time
person_1,2024-05-12,00-13-14
person_2,2024-05-12,00-13-14
person_3,2024-05-12,00-13-14
person_4,2024-05-12,00-13-15
person_5,2024-05-12,00-13-15
person_6,2024-05-12,00-13-15
person_7,2024-05-12,00-13-15
person_8,2024-05-12,00-13-15
person_9,2024-05-12,00-13-16
person_10,2024-05-12,00-13-16
person_11,2024-05-12,00-13-16
person_12,2024-05-12,00-13-16
person_13,2024-05-12,00-13-16
person_14,2024-05-12,00-13-16
person_15,2024-05-12,00-13-17
person_16,2024-05-12,00-13-17
person_17,2024-05-12,00-13-17
person_18,2024-05-12,00-13-18
person_19,2024-05-12,00-13-18
person_20,2024-05-12,00-13-18
person_21,2024-05-12,00-13-18
person_22,2024-05-12,00-13-19
person_23,2024-05-12,00-13-19
person_24,2024-05-12,00-13-19
person_25,2024-05-12,00-13-19
person_26,2024-05-12,00-13-19
person_27,2024-05-12,00-13-19
person_28,2024-05-12,00-13-20
person_29,2024-05-12,00-13-20
person_30,2024-05-12,00-13-20
person_31,2024-05-12,00-13-20
person_32,2024-05-12,00-13-20
person_33,2024-05-12,00-13-21
person_34,2024-05-12,00-13-21
person_35,2024-05-12,00-13-21
person_36,2024-05-12,00-13-21
person_37,2024-05-12,00-13-21
person_38,2024-05-12,00-13-21
person_39,2024-05-12,00-13-22
person_40,2024-05-12,00-13-22
person_41,2024-05-12,00-13-22
person_42,2024-05-12,00-13-22
person_43,2024-05-12,00-13-22
person_44,2024-05-12,00-13-23
person_45,2024-05-12,00-13-23
person_46,2024-05-12,00-13-23
person_47,2024-05-12,00-13-23
person_48,2024-05-12,00-13-23
person_49,2024-05-12,00-13-24
person_50,2024-05-12,00-13-24
person_51,2024-05-12,00-13-24
person_52,2024-05-12,00-13-24
person_53,2024-05-12,00-13-24
person_54,2024-05-12,00-13-24
person_55,2024-05-12,00-13-25
person_56,2024-05-12,00-13-25
person_57,2024-05-12,00-13-25
person_58,2024-05-12,00-13-25
person_59,2024-05-12,00-13-25
person_60,2024-05-12,00-13-26
person_61,2024-05-12,00-13-26
person_62,2024-05-12,00-13-26
person_63,2024-05-12,00-13-26
person_64,2024-05-12,00-13-26
person_65,2024-05-12,00-13-27
person_66,2024-05-12,00-13-27
person_67,2024-05-12,00-13-27
person_68,2024-05-12,00-13-28
person_69,2024-05-12,00-13-28
